Name,Change,ISBN
TECHM.NS,2.01229303241608,INE669C01036
WIPRO.BO,-0.367396096601664,INE075A01022
HCLTECH.NS,-1.03135665505226,INE860A01027
